"FEAT Tag","Requirement text","Name","Priority","Status","Planned Iteration","Actual Iteration","Difficulty","Stability","Contact Name","Origin","EnhancementRequest","Defect","Location"
"FEAT1","Aplikacja mobilna to aplikacja dedykowana na takie platformy jak: IOS, Android, WindowsPhone. ","Modul Mobilna","Medium","Proposed","","","Medium","Medium","","","","","Database"
"FEAT1.1","Ogolne wymaganie  definiujace jakie dane beda pobierane przez aplikacje.","Pobieranie Informacji","Medium","Proposed","","","Medium","Medium","","","","","Database"
"FEAT1.1.1","Aplikcja pobiera informacje dotyczace aktualnego oblozenia ruchu drogowego. Aktulne natezenie ruchu obliczane jest przez aplikacje glowna w oparciu o chmure obliczeniowa","Pobieranie informacji o natezeniu ruchu drogowego","Medium","Proposed","","","Medium","Medium","","","","","Database"
"FEAT1.1.2","Pobieranie danych zwiazanych z pogoda w danym regionie","Pobieranie informacji o warunkach pogodowych","Medium","Proposed","","","Medium","Medium","","","","","Database"
"FEAT1.1.3","Aplikacja ma mozliwosc informowania o wystepujacych utrudnieniach w ruchu drogowym","Pobieranie informacji o utrudnieniach w ruchu drogowym","Medium","Proposed","","","Medium","Medium","","","","","Database"
"FEAT1.1.4","Informowanie o zblizajacych sie pojazdach specjalnych. Uzytkownik widzi trase przejazdu samochodow uprzywilejowanych.","Pobieranie informacji o trasie pojazdow specjalnych","Medium","Proposed","","","Medium","Medium","","","","","Database"
"FEAT1.2","Mozliwosc dodawanie predefiniowanych ostrzezen o ruchu drogowym dla uzytkownik w poblizu.","Dodawanie alertow","Medium","Proposed","","","Medium","Medium","","","","","Database"
"FEAT1.3","Korzystanie z wybranych funkcji ","Integracja z funkcjonalnosciami googleMaps","Medium","Proposed","","","Medium","Medium","","","","","Database"
"FEAT1.4","Mozliwosc dostosowania aplikacji do swoich potzreb:
-definiowanie podstawowych informacji o uzytkowniku","Personalizacja uzytkownika","Medium","Proposed","","","Medium","Medium","","","","","Database"
"FEAT1.5","Mozliwosc wyznaczenia trasy z uwzglednieniem utrudnien na trasie","Wyznaczanie trasy ","Medium","Proposed","","","Medium","Medium","","","","","Database"
"FEAT11","Strona umozliwiajaca przegladanie podstawowych statystyk dotyczacych ruchu drogowego","Informacyjna strona internetowa ","Medium","Proposed","","","Medium","Medium","","","","","Database"
"FEAT11.1","Ogolne wymaganie  definiujace jakie dane beda pobierane przez strone","Pobieranie Informacji","Medium","Proposed","","","Medium","Medium","","","","","Database"
"FEAT11.2","Mozliwosc generowania statystyk zwiazanych z ruchem drogowym","Generowanie statystyk","Medium","Proposed","","","Medium","Medium","","","","","Database"
"FEAT11.3","Molzliwosc uzyskania obrazu z danej kamery ","Podglad z kamer","Medium","Proposed","","","Medium","Medium","","","","","Database"
"FEAT15","Aplikacja umozliwiajaca wprowadzanie oraz zarzadzanie danymi zwiazanymi z ruchem drogowym","Modul kontrolera","Medium","Proposed","","","Medium","Medium","","","","","Database"
"FEAT15.1","Umozliwia wplyw kontorlera na dzialanie sygnalizacji swietlnej.","Kotrola sygnalizacji swietlnej.","Medium","Proposed","","","Medium","Medium","","","","","Database"
"FEAT15.2","Ogolne wymaganie  definiujace jakie dane beda pobierane przez strone","Pobieranie Informacji","Medium","Proposed","","","Medium","Medium","","","","","Database"
"FEAT15.4","Aplikacja umozliwia generowanie raportow na podstawie danych statystycznych.
","Generowanie raportow","Medium","Proposed","","","Medium","Medium","","","","","Database"
"FEAT15.5","Aplikacja umozliwia wprowadzenie dodatkowych informacji o zdarzeniach na drodze.","Wprowadzanie informacji","Medium","Proposed","","","Medium","Medium","","","","","Database"
"FEAT16","Aplikacja zajmujaca sie analiza ruchu drogowego oraz wyznaczaniu optymalnych tras w oparciu o zgromadzone dane","Modul analityczny","Medium","Proposed","","","Medium","Medium","","","","","Database"
"FEAT16.1","Zarzadzanie danymi w relacyjnej bazie danych","Zarzadzanie danymi","Medium","Proposed","","","Medium","Medium","","","","","Database"
"FEAT16.2","Analiza zgromadzonych danych","Przetwarzanie danych","Medium","Proposed","","","Medium","Medium","","","","","Database"
"FEAT16.3","Aplikacja na podstawie obliczonego natezenia ruchu odpowiednio steruje sygnalizacja swietlna.","Kontrola sygnalizacji swietlnej","Medium","Proposed","","","Medium","Medium","","","","","Database"
